	Acinonyx_jubatus__aciJub1_HiC.fasta_v2.functional.proteins	Aeorestes_cinereus__L.cinereus_Cryan_1219_p1.0_HiC.fasta_v2.functional.proteins	Ailurus_fulgens__ASM200746v1_HiC.fasta_v2.functional.proteins	Allenopithecus_nigroviridis__Allenopithecus_nigroviridis_HiC.fasta_v2.functional.proteins	Aonyx_cinereus__Aonyx_cinereus_HiC.fasta_v2.functional.proteins	Axis_porcinus__ASM379854v1_HiC.fasta_v2.functional.proteins	Balaenoptera_edeni__Balaenoptera_edeni_HiC.fasta_v2.functional.proteins	Bassariscus_sumichrasti__Bassariscus_sumichrasti_HiC.fasta_v2.functional.proteins	Bison_bison__Bison_UMD1.0_HiC.fasta_v2.functional.proteins	Camelus_dromedarius__PRJNA234474_Ca_dromedarius_V1.0_HiC.fasta_v2.functional.proteins	Canis_lupus_familiaris_German_Shepherd__ASM864105v1.fasta_v2.functional.proteins	Canis_lupus_familiaris__canFamDis_HiC.fasta_v2.functional.proteins	Castor_canadensis__C.can_genome_v1.0_HiC.fasta_v2.functional.proteins	Cavia_porcellus__Cavpor3.0_HiC.fasta_v2.functional.proteins	Cebuella_pygmaea__Cebuella_pygmaea_HiC.fasta_v2.functional.proteins	Ceratotherium_simum__CerSimSim1.0_HiC.fasta_v2.functional.proteins	Chinchilla_x__ChiLan1.0_HiC.fasta_v2.functional.proteins	Choloepus_hoffmanni__C_hoffmanni-2.0.1_HiC.fasta_v2.functional.proteins	Coendou_prehensilis__Coendou_prehensilis_HiC.fasta_v2.functional.proteins	Connochaetes_taurinus__BWD_HiC.fasta_v2.functional.proteins	Cricetulus_griseus__CriGri-PICR_HiC.fasta_v2.functional.proteins	Crocuta_crocuta__Crocuta_crocuta_HiC.fasta_v2.functional.proteins	Cryptoprocta_ferox__Cryptoprocta_ferox_HiC.fasta_v2.functional.proteins	Delphinapterus_leucas__ASM228892v2_HiC.fasta_v2.functional.proteins	Didelphis_virginiana__dv-2k.fasta_v2.functional.proteins	Eidolon_helvum__ASM46528v1_HiC.fasta_v2.functional.proteins	Elephas_maximus__Elephas_maximus_HiC.fasta_v2.functional.proteins	Enhydra_lutris__ASM228890v2_HiC.fasta_v2.functional.proteins	Eptesicus_fuscus__EptFus1.0_HiC.fasta_v2.functional.proteins	Equus_asinus__ASM303372v1_HiC.fasta_v2.functional.proteins	Equus_quagga__Equus_quagga_HiC.fasta_v2.functional.proteins	Erethizon_dorsatum__GSC_porc_1.0_HiC.fasta_v2.functional.proteins	Erignathus_barbatus__Erignathus_barbatus_HiC.fasta_v2.functional.proteins	Eubalaena_glacialis__Eubalaena_glacialis_HiC.fasta_v2.functional.proteins	Eulemur_flavifrons__Eflavifronsk33QCA_HiC.fasta_v2.functional.proteins	Fukomys_damarensis__DMR_v1.0_HiC.fasta_v2.functional.proteins	Giraffa_camelopardalis__ASM165123v1_HiC.fasta_v2.functional.proteins	Globicephala_melas__ASM654740v1_HiC.fasta_v2.functional.proteins	Hippotragus_niger__Sable_antelope_Masurca.scf_HiC.fasta_v2.functional.proteins	Lagenorhynchus_obliquidens__ASM367639v1_HiC.fasta_v2.functional.proteins	Lama_glama__Lama_glama_HiC.fasta_v2.functional.proteins	Litocranius_walleri__GRK_HiC.fasta_v2.functional.proteins	Lontra_canadensis__GSC_riverotter_1.0_HiC.fasta_v2.functional.proteins	Lutra_lutra__mLutLut1_HiC.fasta_v2.functional.proteins	Lycaon_pictus__sis2-181106_HiC.fasta_v2.functional.proteins	Macropus_eugenii__me-1k.fasta_v2.functional.proteins	Macropus_fuliginosus__mf-2k.fasta_v2.functional.proteins	Macropus_giganteus__mg-2k.fasta_v2.functional.proteins	Macropus_rufus__mr-2k.fasta_v2.functional.proteins	Mandrillus_sphinx__BGI_mandrill_1.0_HiC.fasta_v2.functional.proteins	Mastacomys_fuscus__Mastacomys_fuscus_wtdbg2_polished_HiC.fasta_v2.functional.proteins	Mesocricetus_auratus__MesAur1.0_HiC.fasta_v2.functional.proteins	Microcebus_murinus__Mmur_3.0_HiC.fasta_v2.functional.proteins	Mirounga_angustirostris__Mirounga_angustirostris_HiC.fasta_v2.functional.proteins	Monodelphis_domestica__MonDom5_HiC.fasta_v2.functional.proteins	Muntiacus_reevesi__CIJ_HiC.fasta_v2.functional.proteins	Mustela_putorius_furo__MusPutFur1.0_HiC.fasta_v2.functional.proteins	Myotis_lucifugus__Myoluc2.0_HiC.fasta_v2.functional.proteins	Myotis_septentrionalis__myse_ont_racon_pilon_HiC.fasta_v2.functional.proteins	Nasua_narica__Nasua_narica_HiC.fasta_v2.functional.proteins	Neofelis_nebulosa__Neofelis_nebulosa_HiC.fasta_v2.functional.proteins	Odobenus_rosmarus__Oros_1.0_HiC.fasta_v2.functional.proteins	Odocoileus_virginianus__Ovir.te_1.0_HiC.fasta_v2.functional.proteins	Okapia_johnstoni__ASM166083v1_HiC.fasta_v2.functional.proteins	Orcinus_orca__Oorc_1.1_HiC.fasta_v2.functional.proteins	Orycteropus_afer__OryAfe1.0_HiC.fasta_v2.functional.proteins	Oryctolagus_cuniculus__OryCun2.0_HiC.fasta_v2.functional.proteins	Oryx_dammah__oryx.1_HiC.fasta_v2.functional.proteins	Panthera_onca__Panthera_onca_HiC.fasta_v2.functional.proteins	Panthera_pardus__PanPar1.0_HiC.fasta_v2.functional.proteins	Panthera_tigris__PanTig1.0_HiC.fasta_v2.functional.proteins	Peponocephala_electra__Peponocephala_electra_HiC.fasta_v2.functional.proteins	Peromyscus_crinitus__pecr10X_v2_HiC.fasta_v2.functional.proteins	Peromyscus_nasutus__Peromyscus_nasutus_10x_v1_HiC.fasta_v2.functional.proteins	Phalanger_gymnotis__pg-2k.fasta_v2.functional.proteins	Phataginus_tricuspis__Jaziri_pseudohap2_scaffolds_HiC.fasta_v2.functional.proteins	Phoca_vitulina__GSC_HSeal_1.0_HiC.fasta_v2.functional.proteins	Phocoena_phocoena__Phocoena_phocoena_HiC.fasta_v2.functional.proteins	Potos_flavus__Potos_flavus_HiC.fasta_v2.functional.proteins	Procavia_capensis__Pcap_2.0_HiC.fasta_v2.functional.proteins	Procyon_lotor__pl-1k.fasta_v2.functional.proteins	Propithecus_coquereli__Pcoq_1.0_HiC.fasta_v2.functional.proteins	Pseudocheirus_occidentalis__Pseudocheirus_occidentalis_HiC.fasta_v2.functional.proteins	Pseudochirops_corinnae__Pseudochirops_corinnae_HiC.fasta_v2.functional.proteins	Pseudochirops_cupreus__Pseudochirops_cupreus_HiC.fasta_v2.functional.proteins	Pteronura_brasiliensis__Pteronura_brasiliensis_HiC.fasta_v2.functional.proteins	Pteropus_rufus__Pteropus_rufus_HiC.fasta_v2.functional.proteins	Pteropus_vampyrus__Pvam_2.0_HiC.fasta_v2.functional.proteins	Puma_concolor__PumCon1.0_HiC.fasta_v2.functional.proteins	Rhinoceros_unicornis__Rhinoceros_unicornis_HiC.fasta_v2.functional.proteins	Rousettus_madagascariensis__Rousettus_madagascariensis_HiC.fasta_v2.functional.proteins	Saimiri_boliviensis__saiBolDis_HiC.fasta_v2.functional.proteins	Struthio_camelus__ASM69896v1_HiC.fasta_v2.functional.proteins	Suricata_suricatta__meerkat_22Aug2017_6uvM2_HiC.fasta_v2.functional.proteins	Tapirus_indicus__Tapirus_indicus_HiC.fasta_v2.functional.proteins	Trichechus_manatus__TriManLat1.0_HiC.fasta_v2.functional.proteins	Tursiops_aduncus__ASM322739v1_HiC.fasta_v2.functional.proteins	Tursiops_truncatus__NIST_Tur_tru_v1_HiC.fasta_v2.functional.proteins	Ursus_americanus__ASM334442v1_HiC.fasta_v2.functional.proteins	Ursus_arctos__ASM358476v1_HiC.fasta_v2.functional.proteins	Ursus_maritimus__UrsMar_1.0_HiC.fasta_v2.functional.proteins	Vicugna_pacos__Vicugna_pacos-2.0.1_HiC.fasta_v2.functional.proteins	Vombatus_ursinus__vu-2k.fasta_v2.functional.proteins	Vulpes_vulpes__VulVul2.2_HiC.fasta_v2.functional.proteins
Acinonyx_jubatus__aciJub1_HiC.fasta_v2.functional.proteins	18530	13939	14609	14278	14620	14366	14312	14532	14269	13879	14713	14678	14100	13904	14317	14468	13818	14443	13381	14340	14139	14871	15058	14214	13008	13358	14292	13151	14104	14331	14289	13625	14666	13480	14228	13939	14280	13862	13189	14148	14201	14357	14632	14619	14445	13050	12997	13100	13051	14458	13473	13720	14359	14623	12849	14265	13947	13674	14070	14451	16530	14739	14391	12553	14219	14169	13478	14407	16307	15614	16536	14205	13990	13962	13110	14059	14770	14049	14599	13369	14386	14283	12993	13032	13076	14588	14043	14129	16254	14388	13871	14233	10247	14764	13777	14235	14180	13098	14706	14696	14607	14179	13106	14660
Aeorestes_cinereus__L.cinereus_Cryan_1219_p1.0_HiC.fasta_v2.functional.proteins	13939	17069	14616	14656	14783	14741	14660	14734	14439	14028	14858	14821	14519	14265	14737	14681	14172	14848	13826	14663	14585	14712	14803	14580	13448	13495	14684	13310	15317	14642	14604	14075	14793	13789	14592	14115	14658	14206	13491	14527	14608	14708	14793	14741	14500	13523	13468	13544	13502	14737	13828	14156	14761	14753	13260	14527	14020	14661	15261	14623	14857	14847	14725	12863	14570	14546	13678	14777	14694	14053	14106	14552	14368	14375	13576	14420	14858	14435	14711	13737	14543	14659	13436	13486	13544	14757	14553	14514	14111	14693	14328	14588	10361	14603	14093	14622	14545	13264	14783	14856	14279	14357	13525	14693
Ailurus_fulgens__ASM200746v1_HiC.fasta_v2.functional.proteins	14609	14616	17768	15087	15775	15200	15109	15662	14878	14491	15625	15553	14842	14581	15100	15282	14520	15201	14112	15121	14908	15335	15491	15005	13686	13699	15008	14277	14836	15161	15118	14368	15815	14241	15025	14525	15129	14612	13941	14973	14974	15158	15885	15796	15235	13707	13644	13760	13703	15208	14101	14471	15147	15822	13454	15006	15041	14229	14773	15546	15505	15923	15162	13217	14985	14905	14010	15230	15320	14741	14825	14950	14681	14692	13768	14787	15932	14857	15752	14015	15381	15049	13634	13677	13749	15830	14874	14872	14826	15258	14573	14948	10529	15217	14584	14965	14954	13657	15826	15925	15432	14865	13746	15500
Allenopithecus_nigroviridis__Allenopithecus_nigroviridis_HiC.fasta_v2.functional.proteins	14278	14656	15087	22393	15286	15248	15202	15282	14876	14400	15372	15336	15013	14670	16844	15243	14504	15347	14212	15144	14979	15349	15269	15059	13777	13648	15154	13780	14856	15174	15436	14421	15407	14365	15397	14489	15153	14658	13942	15032	15056	15224	15362	15286	14904	13816	13767	13863	13803	20024	14233	14546	15554	15317	13562	14997	14514	14214	14850	15097	15314	15380	15223	13307	15062	15039	14083	15377	15170	14525	14463	15079	14774	14793	13880	14913	15396	14978	15226	14103	14982	15480	13759	13798	13865	15558	14926	14866	14526	15307	14610	16793	10515	15003	14779	15090	15021	13673	15337	15425	14767	14762	13837	15166
Aonyx_cinereus__Aonyx_cinereus_HiC.fasta_v2.functional.proteins	14620	14783	15775	15286	18994	15360	15352	15923	14984	14545	15834	15778	15062	14729	15339	15391	14646	15319	14278	15251	15098	15591	15687	15242	13845	13774	15225	15423	14959	15351	15333	14552	16050	14442	15205	14577	15287	14829	14054	15142	15225	15328	17020	17471	15354	13875	13799	13904	13863	15410	14273	14640	15326	16023	13605	15072	15769	14259	14967	15870	15766	16154	15356	13442	15202	15055	14109	15435	15586	14878	14856	15200	14884	14870	13933	15006	16206	15029	16057	14200	15731	15283	13808	13843	13891	16898	15070	14981	14868	15395	14783	15204	10567	15360	14792	15148	15158	13757	15969	16107	15371	14899	13902	15650
Axis_porcinus__ASM379854v1_HiC.fasta_v2.functional.proteins	14366	14741	15200	15248	15360	18738	15423	15262	15931	14594	15448	15369	15016	14685	15266	15389	14585	15312	14253	16219	15055	15223	15382	15348	13795	13705	15168	13870	14914	15314	15279	14503	15389	14575	15194	14561	16239	14930	14957	15284	15215	16242	15428	15357	14966	13826	13781	13903	13822	15326	14248	14604	15356	15385	13580	16720	14586	14243	14925	15163	15389	15446	16879	14141	15331	15043	14074	16377	15199	14626	14548	15279	14809	14815	13900	14912	15460	15181	15332	14140	14981	15196	13728	13810	13860	15387	14997	14938	14619	15371	14685	15094	10581	15088	14729	15114	15271	13857	15410	15490	14856	14949	13866	15275
Balaenoptera_edeni__Balaenoptera_edeni_HiC.fasta_v2.functional.proteins	14312	14660	15109	15202	15352	15423	18914	15432	15043	14501	15382	15286	14964	14548	15247	15283	14508	15262	14157	15291	14929	15267	15351	16649	13724	13716	15110	13764	14787	15234	15269	14387	15522	16352	15090	14416	15307	16133	14107	16402	15247	15344	15320	15332	14893	13759	13714	13825	13760	15287	14146	14489	15219	15334	13504	15106	14555	14141	14848	15151	15385	15456	15434	13504	16540	14948	13948	15557	15206	14548	14497	16748	14715	14708	13839	15055	15463	16394	15299	14074	15033	15192	13679	13751	13782	15375	14897	14816	14523	15304	14668	15096	10561	15035	14838	15092	16533	14861	15304	15392	14766	14863	13766	15178
Bassariscus_sumichrasti__Bassariscus_sumichrasti_HiC.fasta_v2.functional.proteins	14532	14734	15662	15282	15923	15262	15432	18323	14903	14440	15715	15662	14968	14630	15267	15295	14517	15282	14195	15146	14984	15583	15607	15135	13810	13747	15180	14294	14870	15244	15308	14448	16109	14550	15122	14443	15198	14722	13980	15072	15145	15233	15912	15972	15245	13822	13767	13883	13827	15295	14188	14561	15263	15867	13549	15012	15016	14225	14885	15937	15642	15997	15252	13333	15126	14997	14020	15423	15469	14786	14720	15264	14787	14784	13919	15056	16039	15116	16076	14129	16099	15173	13771	13825	13853	15957	14979	14917	14803	15313	14747	15139	10542	15262	14849	15075	15086	13735	15835	15958	15245	14805	13829	15518
Bison_bison__Bison_UMD1.0_HiC.fasta_v2.functional.proteins	14269	14439	14878	14876	14984	15931	15043	14903	18340	14365	15073	15015	14664	14394	14878	14999	14314	14996	13885	15968	14646	14856	14968	14940	13488	13600	14812	13514	14585	14950	14882	14154	14969	14177	14777	14323	15781	14546	14741	14848	14865	15956	15013	14996	14724	13548	13504	13608	13527	15037	13911	14238	14958	14946	13312	15719	14275	14031	14571	14781	15024	15069	15975	13854	14922	14704	13833	16185	14850	14225	14448	14892	14467	14433	13625	14592	15087	14754	14983	13852	14693	14830	13439	13513	13556	14984	14605	14636	14341	14939	14368	14775	10451	14795	14332	14743	14890	13584	15052	15082	14700	14730	13592	14978
Camelus_dromedarius__PRJNA234474_Ca_dromedarius_V1.0_HiC.fasta_v2.functional.proteins	13879	14028	14491	14400	14545	14594	14501	14440	14365	16612	14605	14552	14233	14014	14396	14610	13915	14530	13535	14532	14257	14444	14531	14402	13068	13216	14385	13062	14217	14480	14440	13725	14567	13689	14430	13961	14509	14320	13384	14395	15357	14534	14609	14530	14266	13135	13062	13178	13118	14527	13551	13852	14513	14549	12891	14451	14156	13638	14167	14330	14564	14592	14541	12662	14420	14245	13390	14613	14392	13839	14065	14380	14064	14048	13183	14115	14616	14301	14509	13424	14238	14389	13014	13093	13136	14585	14279	14254	13943	14549	13960	14272	10189	14392	13932	14348	14358	13069	14604	14668	14333	15435	13155	14538
Canis_lupus_familiaris_German_Shepherd__ASM864105v1.fasta_v2.functional.proteins	14713	14858	15625	15372	15834	15448	15382	15715	15073	14605	20318	19533	15128	14777	15414	15456	14690	15468	14319	15338	15186	15619	15749	15278	13871	13822	15282	14189	15034	15409	15373	14618	15878	14481	15282	14637	15346	14880	14142	15207	15273	15397	15868	15852	18174	13919	13848	13973	13902	15514	14364	14698	15432	15875	13661	15178	15027	14362	15085	15616	15794	16062	15421	13478	15271	15108	14171	15515	15626	14959	14907	15220	14939	14946	13972	15043	16059	15097	15813	14213	15495	15333	13844	13885	13948	15792	15100	15034	14931	15471	14834	15290	10618	15433	14789	15209	15232	13826	15854	15957	15301	14970	13937	17571
Canis_lupus_familiaris__canFamDis_HiC.fasta_v2.functional.proteins	14678	14821	15553	15336	15778	15369	15286	15662	15015	14552	19533	20165	15080	14734	15376	15395	14642	15412	14285	15263	15128	15600	15663	15234	13850	13800	15246	14124	15004	15341	15330	14565	15818	14423	15225	14590	15287	14820	14085	15141	15233	15339	15795	15751	18060	13905	13831	13967	13883	15436	14317	14663	15393	15815	13630	15122	14962	14328	15049	15553	15742	15976	15356	13407	15218	15059	14127	15454	15584	14888	14858	15171	14889	14913	13961	15006	16003	15033	15751	14185	15466	15287	13824	13867	13930	15746	15057	14978	14884	15418	14788	15264	10590	15379	14740	15171	15159	13792	15784	15896	15238	14925	13910	17446
Castor_canadensis__C.can_genome_v1.0_HiC.fasta_v2.functional.proteins	14100	14519	14842	15013	15062	15016	14964	14968	14664	14233	15128	15080	17195	14628	15080	14967	14504	15184	14175	14907	14961	14956	15072	14866	13697	13550	15012	13558	14643	14925	14893	14413	15014	14056	14923	14451	14943	14463	13748	14771	14887	14980	15100	15047	14657	13774	13677	13784	13735	15130	14181	14561	15067	15006	13496	14766	14260	13971	14657	14863	15067	15101	15007	13118	14845	14882	13922	15068	14920	14291	14260	14838	14761	14762	13828	14696	15118	14689	15020	14019	14803	15045	13668	13750	13787	15070	14691	14663	14267	15042	14470	14924	10455	14848	14370	14936	14815	13466	15054	15114	14521	14592	13777	14936
Cavia_porcellus__Cavpor3.0_HiC.fasta_v2.functional.proteins	13904	14265	14581	14670	14729	14685	14548	14630	14394	14014	14777	14734	14628	16461	14655	14684	14546	14842	14212	14634	14652	14620	14716	14502	13550	13296	14635	13274	14404	14601	14580	14419	14705	13746	14633	14500	14621	14136	13470	14484	14498	14680	14773	14720	14410	13565	13498	13600	13554	14759	13875	14238	14757	14690	13351	14506	14019	13792	14381	14525	14757	14749	14678	12805	14501	14551	13676	14704	14603	14009	14052	14456	14464	14430	13623	14401	14767	14386	14647	13786	14423	14640	13493	13535	13619	14732	14434	14389	14075	14685	14153	14565	10447	14541	14034	14617	14466	13193	14713	14769	14279	14326	13588	14640
Cebuella_pygmaea__Cebuella_pygmaea_HiC.fasta_v2.functional.proteins	14317	14737	15100	16844	15339	15266	15247	15267	14878	14396	15414	15376	15080	14655	20350	15219	14595	15411	14290	15118	15007	15229	15316	15165	13799	13715	15186	13749	14880	15116	15113	14528	15372	14347	15376	14554	15130	14753	13927	15041	15102	15207	15345	15331	14944	13874	13820	13937	13857	16940	14272	14564	15564	15348	13588	14976	14548	14258	14941	15129	15372	15440	15240	13332	15153	15048	14090	15295	15215	14570	14518	15118	14828	14812	13959	14920	15467	14986	15324	14125	15050	15508	13848	13858	13932	15306	14922	14847	14534	15272	14689	17455	10508	15051	14571	15154	15106	13716	15334	15407	14766	14764	13900	15225
Ceratotherium_simum__CerSimSim1.0_HiC.fasta_v2.functional.proteins	14468	14681	15282	15243	15391	15389	15283	15295	14999	14610	15456	15395	14967	14684	15219	17591	14622	15322	14231	15259	14998	15282	15424	15190	13750	13735	15204	13889	14932	15675	15627	14475	15451	14429	15227	14551	15291	14799	14090	15173	15217	15291	15474	15393	15046	13775	13701	13812	13756	15352	14177	14548	15335	15401	13546	15136	14647	14257	14893	15170	15454	15481	15355	13390	15209	15028	14070	15390	15262	14670	14627	15155	14795	14777	13816	14964	15503	15063	15364	14157	15021	15216	13650	13707	13789	15448	15058	15010	14676	16463	14710	15091	10595	15172	15092	15144	15153	13770	15452	15567	14942	14961	13769	15298
Chinchilla_x__ChiLan1.0_HiC.fasta_v2.functional.proteins	13818	14172	14520	14504	14646	14585	14508	14517	14314	13915	14690	14642	14504	14546	14595	14622	16389	14719	14161	14502	14580	14515	14626	14399	13375	13214	14530	13141	14300	14516	14445	14476	14595	13643	14511	14491	14504	14050	13364	14371	14440	14540	14633	14617	14341	13415	13351	13462	13416	14676	13767	14115	14642	14577	13206	14392	13912	13703	14273	14443	14663	14677	14616	12723	14400	14417	13547	14614	14498	13856	13967	14398	14335	14350	13466	14287	14665	14277	14558	13690	14332	14548	13339	13378	13447	14619	14323	14303	13923	14588	14078	14455	10344	14463	13967	14500	14381	13074	14590	14652	14192	14258	13472	14573
Choloepus_hoffmanni__C_hoffmanni-2.0.1_HiC.fasta_v2.functional.proteins	14443	14848	15201	15347	15319	15312	15262	15282	14996	14530	15468	15412	15184	14842	15411	15322	14719	18314	14405	15194	15103	15249	15361	15169	13968	13873	15344	13788	14995	15239	15205	14612	15374	14392	15178	14736	15204	14759	13992	15125	15120	15301	15373	15287	15020	14069	13972	14084	14029	15467	14393	14690	15403	15314	13759	15065	14575	14389	15023	15176	15377	15445	15287	13360	15151	15260	14261	15328	15220	14633	14637	15102	14916	14890	14110	14994	15439	15034	15302	14277	15068	15318	14009	14033	14074	15381	14979	14994	14666	15324	14761	15306	10608	15147	14625	15300	15145	13823	15392	15401	14860	14875	14043	15295
Coendou_prehensilis__Coendou_prehensilis_HiC.fasta_v2.functional.proteins	13381	13826	14112	14212	14278	14253	14157	14195	13885	13535	14319	14285	14175	14212	14290	14231	14161	14405	16546	14167	14199	14210	14282	14086	13112	12859	14245	12809	13940	14170	14141	14978	14299	13671	14221	14013	14176	13768	12981	14061	14110	14242	14326	14240	13898	13170	13114	13228	13183	14289	13474	13812	14345	14250	12905	14024	13535	13338	13939	14107	14310	14313	14243	12392	14083	14147	13199	14271	14151	13554	13543	14095	13988	13998	13244	13983	14315	13992	14229	13329	14019	14280	13112	13142	13201	14298	14043	13968	13581	14276	13780	14150	10074	14082	13640	14159	14056	12790	14275	14324	13773	13869	13170	14156
Connochaetes_taurinus__BWD_HiC.fasta_v2.functional.proteins	14340	14663	15121	15144	15251	16219	15291	15146	15968	14532	15338	15263	14907	14634	15118	15259	14502	15194	14167	18448	14935	15129	15268	15201	13739	13707	15100	13730	14841	15202	15172	14392	15275	14416	15059	14485	16065	14801	15475	15159	15099	16435	15328	15228	14902	13761	13708	13812	13773	15234	14150	14527	15206	15258	13539	15943	14520	14158	14789	15035	15259	15338	16154	14035	15184	14967	14014	16884	15090	14503	14509	15128	14734	14710	13828	14811	15341	15048	15212	14069	14906	15087	13674	13711	13781	15292	14909	14858	14560	15229	14618	14968	10546	15003	14567	15012	15155	13795	15319	15372	14784	14877	13791	15160
Cricetulus_griseus__CriGri-PICR_HiC.fasta_v2.functional.proteins	14139	14585	14908	14979	15098	15055	14929	14984	14646	14257	15186	15128	14961	14652	15007	14998	14580	15103	14199	14935	17149	14973	15120	14829	13739	13528	15006	13579	14696	14959	14927	14466	15089	14086	14983	14496	14982	14446	13787	14796	14886	15000	15151	15085	14726	13777	13717	13815	13773	15099	14635	15215	15097	15065	13534	14792	14329	14056	14721	14903	15124	15183	15044	13115	14825	14835	13972	15077	14929	14314	14280	14805	15360	15391	13852	14672	15184	14670	15058	14013	14773	14978	13703	13760	13809	15089	14784	14686	14317	15000	14490	14883	10548	14875	14389	14896	14790	13470	15113	15188	14583	14599	13814	15009
Crocuta_crocuta__Crocuta_crocuta_HiC.fasta_v2.functional.proteins	14871	14712	15335	15349	15591	15223	15267	15583	14856	14444	15619	15600	14956	14620	15229	15282	14515	15249	14210	15129	14973	18006	16068	15109	13758	13730	15153	13915	14863	15197	15354	14435	15617	14363	15102	14452	15167	14708	13946	15024	15176	15207	15541	15550	15162	13806	13735	13864	13788	15273	14189	14542	15231	15521	13529	14977	14720	14193	14889	15378	15990	15683	15249	13326	15111	14968	14008	15421	15831	15111	15090	15120	14777	14748	13895	15017	15677	15005	15535	14158	15314	15180	13746	13783	13836	15713	14958	14893	15041	15327	14731	15078	10520	15640	14810	15073	15049	13695	15542	15633	14950	14826	13835	15418
Cryptoprocta_ferox__Cryptoprocta_ferox_HiC.fasta_v2.functional.proteins	15058	14803	15491	15269	15687	15382	15351	15607	14968	14531	15749	15663	15072	14716	15316	15424	14626	15361	14282	15268	15120	16068	18079	15208	13823	13804	15235	14083	14958	15327	15289	14525	15714	14465	15232	14556	15268	14799	14041	15145	15251	15300	15698	15669	15273	13850	13799	13913	13853	15386	14262	14638	15365	15676	13618	15090	14822	14303	15011	15505	16201	15834	15351	13357	15187	15060	14091	15426	16007	15322	15240	15164	14885	14865	13955	15010	15837	15041	15670	14212	15386	15270	13802	13840	13907	15650	15073	14996	15217	15443	14829	15162	10583	15867	14803	15164	15155	13776	15689	15773	15107	14910	13871	15534
Delphinapterus_leucas__ASM228892v2_HiC.fasta_v2.functional.proteins	14214	14580	15005	15059	15242	15348	16649	15135	14940	14402	15278	15234	14866	14502	15165	15190	14399	15169	14086	15201	14829	15109	15208	19255	13670	13594	15005	13664	14716	15137	15071	14314	15226	15622	15020	14339	15244	16979	14002	17244	15142	15228	15243	15244	14817	13708	13639	13754	13691	15215	14057	14395	15134	15216	13449	15037	14450	14086	14767	15028	15261	15326	15339	13416	17415	14822	13862	15393	15086	14462	14376	17360	14627	14605	13768	14872	15346	17235	15156	14007	14905	15079	13612	13666	13723	15196	14847	14743	14411	15196	14563	15009	10525	14947	14567	14974	17399	15533	15208	15290	14638	14756	13711	15075
Didelphis_virginiana__dv-2k.fasta_v2.functional.proteins	13008	13448	13686	13777	13845	13795	13724	13810	13488	13068	13871	13850	13697	13550	13799	13750	13375	13968	13112	13739	13739	13758	13823	13670	15824	12586	13882	12448	13548	13726	13708	13257	13795	12927	13703	13358	13752	13310	12640	13631	13667	13784	13853	13802	13525	14020	13968	14092	14023	13801	13109	13417	13836	13757	14184	13580	13101	12980	13572	13664	13830	13873	13785	12071	13668	13824	12933	13800	13702	13132	13146	13628	13584	13596	14096	13632	13857	13576	13803	13076	13594	13752	13979	14029	14057	13836	13590	13579	13214	13761	13382	13696	10374	13639	13204	13816	13622	12509	13793	13816	13345	13428	14029	13711
Eidolon_helvum__ASM46528v1_HiC.fasta_v2.functional.proteins	13358	13495	13699	13648	13774	13705	13716	13747	13600	13216	13822	13800	13550	13296	13715	13735	13214	13873	12859	13707	13528	13730	13804	13594	12586	15805	13706	12353	13568	13670	13642	13080	13815	12882	13593	13237	13673	13223	12660	13516	13659	13738	13774	13746	13616	12633	12588	12660	12618	13804	12882	13162	13709	13749	12389	13610	13106	13240	13580	13630	13804	13824	13745	11969	13620	13616	12944	13770	13697	13079	13439	13590	13407	13396	12692	13466	13858	13482	13785	12854	13617	13700	12569	12609	12657	13758	14014	14149	13411	13717	13846	13606	9785	13714	13172	13640	13564	12562	13808	13815	13520	13522	12657	13736
Elephas_maximus__Elephas_maximus_HiC.fasta_v2.functional.proteins	14292	14684	15008	15154	15225	15168	15110	15180	14812	14385	15282	15246	15012	14635	15186	15204	14530	15344	14245	15100	15006	15153	15235	15005	13882	13706	17076	13642	14789	15112	15092	14464	15197	14229	15060	14472	15068	14607	13902	14945	15065	15139	15212	15195	14840	13909	13854	13964	13896	15248	14214	14564	15229	15194	13636	14908	14420	14132	14846	15080	15290	15275	15152	13272	15008	15232	14056	15228	15125	14473	14452	14966	14813	14788	13994	14902	15314	14827	15210	14396	14973	15182	13815	13884	13926	15203	14883	14842	14478	15224	14659	15063	10576	15003	14540	15510	14977	13618	15196	15241	14648	14751	13913	15101
Enhydra_lutris__ASM228890v2_HiC.fasta_v2.functional.proteins	13151	13310	14277	13780	15423	13870	13764	14294	13514	13062	14189	14124	13558	13274	13749	13889	13141	13788	12809	13730	13579	13915	14083	13664	12448	12353	13642	16902	13480	13833	13795	12998	14471	12887	13724	13130	13765	13286	12522	13652	13654	13804	15446	15514	13759	12478	12406	12531	12471	13823	12842	13165	13809	14434	12248	13594	14048	12829	13468	14216	14124	14509	13793	12385	13636	13552	12829	13863	13942	13322	13330	13623	13367	13344	12548	13474	14537	13526	14372	12693	14054	13711	12392	12474	12505	15232	13575	13482	13359	13884	13259	13628	9587	13745	13249	13605	13620	12421	14392	14502	13892	13405	12519	14004
Eptesicus_fuscus__EptFus1.0_HiC.fasta_v2.functional.proteins	14104	15317	14836	14856	14959	14914	14787	14870	14585	14217	15034	15004	14643	14404	14880	14932	14300	14995	13940	14841	14696	14863	14958	14716	13548	13568	14789	13480	17344	14835	14810	14155	14984	13983	14813	14309	14825	14341	13702	14698	14755	14875	15004	14933	14634	13584	13520	13635	13591	14950	13947	14298	14932	14951	13354	14739	14216	15047	15623	14754	14989	15041	14925	12978	14700	14687	13790	14931	14820	14241	14270	14681	14486	14472	13634	14568	15057	14600	14890	13879	14672	14792	13530	13536	13603	14957	14771	14743	14304	14886	14463	14753	10476	14802	14277	14745	14676	13377	15012	15060	14513	14583	13601	14890
Equus_asinus__ASM303372v1_HiC.fasta_v2.functional.proteins	14331	14642	15161	15174	15351	15314	15234	15244	14950	14480	15409	15341	14925	14601	15116	15675	14516	15239	14170	15202	14959	15197	15327	15137	13726	13670	15112	13833	14835	18372	17546	14399	15373	14377	15157	14454	15218	14744	14006	15115	15120	15266	15419	15346	14981	13731	13660	13793	13721	15248	14132	14514	15280	15345	13486	15053	14578	14179	14820	15148	15379	15466	15266	13320	15135	14943	13992	15326	15191	14594	14516	15086	14742	14709	13786	14855	15450	15020	15278	14057	15005	15148	13623	13671	13731	15391	14963	14893	14552	15678	14647	14989	10578	15016	14988	15037	15068	13699	15409	15531	14872	14866	13765	15221
Equus_quagga__Equus_quagga_HiC.fasta_v2.functional.proteins	14289	14604	15118	15436	15333	15279	15269	15308	14882	14440	15373	15330	14893	14580	15113	15627	14445	15205	14141	15172	14927	15354	15289	15071	13708	13642	15092	13795	14810	17546	18654	14360	15419	14420	15126	14415	15195	14706	13956	15081	15088	15225	15392	15315	14938	13728	13655	13777	13712	15228	14131	14501	15264	15322	13503	14986	14528	14157	14783	15125	15351	15410	15219	13325	15086	14937	13946	15394	15183	14562	14480	15110	14725	14716	13803	14920	15414	15054	15280	14036	14995	15120	13629	13696	13735	15585	14973	14882	14529	15654	14626	14989	10546	14999	15136	15022	15027	13689	15390	15508	14834	14808	13751	15203
Erethizon_dorsatum__GSC_porc_1.0_HiC.fasta_v2.functional.proteins	13625	14075	14368	14421	14552	14503	14387	14448	14154	13725	14618	14565	14413	14419	14528	14475	14476	14612	14978	14392	14466	14435	14525	14314	13257	13080	14464	12998	14155	14399	14360	16784	14507	13575	14446	14250	14398	13927	13197	14271	14345	14453	14573	14517	14176	13306	13256	13358	13323	14565	13658	14021	14598	14489	13048	14242	13879	13514	14187	14360	14572	14579	14517	12664	14316	14321	13429	14529	14405	13763	13769	14280	14252	14234	13364	14208	14589	14155	14482	13530	14250	14513	13232	13275	13350	14535	14252	14175	13802	14498	14009	14377	10157	14316	13880	14402	14290	12984	14506	14569	14001	14068	13332	14427
Erignathus_barbatus__Erignathus_barbatus_HiC.fasta_v2.functional.proteins	14666	14793	15815	15407	16050	15389	15522	16109	14969	14567	15878	15818	15014	14705	15372	15451	14595	15374	14299	15275	15089	15617	15714	15226	13795	13815	15197	14471	14984	15373	15419	14507	19664	14627	15223	14578	15296	14823	14069	15201	15209	15332	16112	16035	15376	13838	13752	13896	13836	15423	14297	14642	15384	17440	13579	15105	15111	14318	14989	15807	15765	17062	15362	13374	15199	15041	14129	15480	15569	14966	14864	15344	14841	14854	13927	15095	17852	15235	16057	14150	15678	15237	13783	13816	13901	16163	15090	15019	14925	15452	14791	15223	10571	15351	14962	15150	15162	13807	16216	16347	15631	14927	13851	15687
Eubalaena_glacialis__Eubalaena_glacialis_HiC.fasta_v2.functional.proteins	13480	13789	14241	14365	14442	14575	16352	14550	14177	13689	14481	14423	14056	13746	14347	14429	13643	14392	13671	14416	14086	14363	14465	15622	12927	12882	14229	12887	13983	14377	14420	13575	14627	17749	14263	13611	14450	15175	13237	15505	14345	14481	14466	14414	14053	12945	12901	13009	12957	14408	13354	13669	14334	14477	12687	14263	13655	13357	13991	14273	14479	14546	14520	12601	15552	14083	13108	14687	14285	13663	13642	15723	13846	13830	13047	14164	14543	15512	14388	13289	14133	14296	12865	12926	12974	14533	14094	14009	13702	14451	13828	14212	9955	14162	13990	14191	15490	14003	14430	14520	13950	14048	12951	14315
Eulemur_flavifrons__Eflavifronsk33QCA_HiC.fasta_v2.functional.proteins	14228	14592	15025	15397	15205	15194	15090	15122	14777	14430	15282	15225	14923	14633	15376	15227	14511	15178	14221	15059	14983	15102	15232	15020	13703	13593	15060	13724	14813	15157	15126	14446	15223	14263	17274	14504	15107	14601	13885	14987	15063	15133	15283	15209	14832	13719	13639	13775	13723	15475	14138	14524	15847	15245	13482	14940	14437	14140	14779	15003	15252	15289	15134	13201	15010	14909	14013	15207	15087	14504	14405	14946	14744	14727	13786	14766	15302	14886	15165	14043	14877	15753	13616	13671	13741	15238	14936	14842	14468	15212	14629	15261	10521	14941	14603	15004	14953	13610	15246	15326	14703	14764	13770	15086
Fukomys_damarensis__DMR_v1.0_HiC.fasta_v2.functional.proteins	13939	14115	14525	14489	14577	14561	14416	14443	14323	13961	14637	14590	14451	14500	14554	14551	14491	14736	14013	14485	14496	14452	14556	14339	13358	13237	14472	13130	14309	14454	14415	14250	14578	13611	14504	16318	14459	13972	13388	14315	14358	14518	14597	14542	14307	13418	13353	13465	13409	14634	13746	14066	14621	14535	13172	14445	13879	13767	14224	14364	14582	14610	14560	12691	14343	14385	13628	14539	14431	13851	14069	14304	14265	14256	13450	14238	14615	14225	14473	13593	14257	14471	13322	13370	13423	14586	14285	14278	14005	14506	14016	14402	10420	14440	13910	14440	14302	13098	14615	14643	14311	14296	13436	14569
Giraffa_camelopardalis__ASM165123v1_HiC.fasta_v2.functional.proteins	14280	14658	15129	15153	15287	16239	15307	15198	15781	14509	15346	15287	14943	14621	15130	15291	14504	15204	14176	16065	14982	15167	15268	15244	13752	13673	15068	13765	14825	15218	15195	14398	15296	14450	15107	14459	18184	14824	14763	15214	15144	16053	15350	15259	14886	13771	13721	13837	13772	15200	14157	14518	15230	15278	13528	15883	14483	14183	14832	15072	15308	15362	16158	14494	15225	14975	13985	16189	15130	14557	14473	15193	14730	14715	13838	14832	15370	15100	15244	14068	14955	15103	13681	13745	13795	15326	14933	14863	14530	15279	14635	14963	10534	15025	14639	15023	15193	13805	15304	15419	14765	14869	13798	15148
Globicephala_melas__ASM654740v1_HiC.fasta_v2.functional.proteins	13862	14206	14612	14658	14829	14930	16133	14722	14546	14320	14880	14820	14463	14136	14753	14799	14050	14759	13768	14801	14446	14708	14799	16979	13310	13223	14607	13286	14341	14744	14706	13927	14823	15175	14601	13972	14824	19001	13605	17401	14736	14873	14818	14790	14441	13355	13300	13402	13335	14761	13696	14035	14746	14804	13092	14632	14347	13708	14365	14623	14859	14903	14917	13022	17389	14472	13502	14980	14671	14071	14027	17958	14261	14227	13431	14450	14906	16523	14751	13628	14504	14680	13254	13308	13364	14794	14468	14390	14040	14801	14212	14582	10259	14576	14179	14594	17492	15519	14797	14887	14263	14400	13352	14683
Hippotragus_niger__Sable_antelope_Masurca.scf_HiC.fasta_v2.functional.proteins	13189	13491	13941	13942	14054	14957	14107	13980	14741	13384	14142	14085	13748	13470	13927	14090	13364	13992	12981	15475	13787	13946	14041	14002	12640	12660	13902	12522	13702	14006	13956	13197	14069	13237	13885	13388	14763	13605	17183	13974	13890	15139	14138	14052	13753	12672	12619	12718	12659	14044	13061	13382	14012	14057	12424	14697	13329	13054	13636	13846	14073	14161	14911	12761	13975	13767	12823	16059	13900	13306	13356	13955	13579	13566	12716	13643	14144	13864	14034	12892	13742	13881	12561	12614	12687	14090	13756	13680	13394	14040	13492	13798	9743	13829	13406	13825	13962	12687	14117	14184	13656	13713	12700	13992
Lagenorhynchus_obliquidens__ASM367639v1_HiC.fasta_v2.functional.proteins	14148	14527	14973	15032	15142	15284	16402	15072	14848	14395	15207	15141	14771	14484	15041	15173	14371	15125	14061	15159	14796	15024	15145	17244	13631	13516	14945	13652	14698	15115	15081	14271	15201	15505	14987	14315	15214	17401	13974	19205	15060	15213	15203	15110	14738	13676	13617	13740	13652	15091	14010	14364	15091	15181	13416	15001	14377	14053	14684	14942	15198	15243	15229	13329	17627	14806	13848	15295	15007	14429	14308	17672	14556	14557	13726	14780	15249	16938	15090	13969	14811	14977	13588	13636	13699	15174	14833	14732	14401	15173	14513	14905	10538	14909	14557	14911	17773	15982	15155	15267	14610	14749	13682	14987
Lama_glama__Lama_glama_HiC.fasta_v2.functional.proteins	14201	14608	14974	15056	15225	15215	15247	15145	14865	15357	15273	15233	14887	14498	15102	15217	14440	15120	14110	15099	14886	15176	15251	15142	13667	13659	15065	13654	14755	15120	15088	14345	15209	14345	15063	14358	15144	14736	13890	15060	17717	15145	15244	15188	14830	13708	13661	13773	13717	15178	14101	14459	15177	15182	13480	14948	14415	14077	14797	15057	15282	15268	15206	13316	15124	14877	13869	15292	15113	14452	14381	15112	14658	14653	13790	14833	15284	14961	15203	14049	14949	15086	13607	13657	13743	15221	14889	14812	14405	15234	14659	14961	10514	14976	14596	14966	15086	13698	15183	15282	14634	16302	13724	15071
Litocranius_walleri__GRK_HiC.fasta_v2.functional.proteins	14357	14708	15158	15224	15328	16242	15344	15233	15956	14534	15397	15339	14980	14680	15207	15291	14540	15301	14242	16435	15000	15207	15300	15228	13784	13738	15139	13804	14875	15266	15225	14453	15332	14481	15133	14518	16053	14873	15139	15213	15145	18484	15385	15324	14938	13836	13771	13893	13826	15295	14204	14586	15271	15324	13566	15909	14561	14200	14854	15120	15331	15407	16164	14070	15244	15051	14056	16569	15152	14555	14500	15216	14798	14769	13915	14885	15397	15100	15284	14149	14997	15165	13758	13811	13869	15339	14959	14905	14564	15300	14649	15072	10547	15065	14679	15099	15209	13816	15351	15436	14808	14886	13845	15198
Lontra_canadensis__GSC_riverotter_1.0_HiC.fasta_v2.functional.proteins	14632	14793	15885	15362	17020	15428	15320	15912	15013	14609	15868	15795	15100	14773	15345	15474	14633	15373	14326	15328	15151	15541	15698	15243	13853	13774	15212	15446	15004	15419	15392	14573	16112	14466	15283	14597	15350	14818	14138	15203	15244	15385	18770	17074	15381	13875	13804	13930	13877	15424	14322	14689	15397	16094	13625	15139	15746	14294	14968	15852	15739	16147	15388	13456	15212	15097	14138	15446	15576	14988	14838	15178	14910	14899	13938	14982	16221	15094	16034	14200	15689	15289	13783	13843	13901	16984	15124	15045	14883	15504	14783	15188	10614	15362	14821	15154	15181	13827	16084	16200	15477	14964	13924	15672
Lutra_lutra__mLutLut1_HiC.fasta_v2.functional.proteins	14619	14741	15796	15286	17471	15357	15332	15972	14996	14530	15852	15751	15047	14720	15331	15393	14617	15287	14240	15228	15085	15550	15669	15244	13802	13746	15195	15514	14933	15346	15315	14517	16035	14414	15209	14542	15259	14790	14052	15110	15188	15324	17074	19150	15376	13831	13770	13876	13839	15437	14252	14597	15339	16009	13586	15083	15789	14256	14940	15871	15769	16196	15351	13415	15219	15048	14063	15436	15535	14886	14830	15173	14846	14844	13904	15016	16214	14996	16044	14176	15734	15263	13770	13810	13838	16858	15031	14963	14804	15413	14743	15174	10561	15336	14761	15145	15151	13746	15969	16108	15388	14879	13856	15669
Lycaon_pictus__sis2-181106_HiC.fasta_v2.functional.proteins	14445	14500	15235	14904	15354	14966	14893	15245	14724	14266	18174	18060	14657	14410	14944	15046	14341	15020	13898	14902	14726	15162	15273	14817	13525	13616	14840	13759	14634	14981	14938	14176	15376	14053	14832	14307	14886	14441	13753	14738	14830	14938	15381	15376	19196	13539	13481	13592	13523	15065	13955	14269	14968	15386	13316	14790	14644	14059	14637	15143	15314	15555	15002	13069	14812	14680	13877	15051	15173	14495	14643	14764	14520	14504	13608	14614	15559	14627	15337	13848	15070	14892	13484	13480	13565	15322	14648	14672	14608	14995	14414	14833	10433	15038	14358	14784	14760	13503	15401	15476	14981	14629	13558	17046
Macropus_eugenii__me-1k.fasta_v2.functional.proteins	13050	13523	13707	13816	13875	13826	13759	13822	13548	13135	13919	13905	13774	13565	13874	13775	13415	14069	13170	13761	13777	13806	13850	13708	14020	12633	13909	12478	13584	13731	13728	13306	13838	12945	13719	13418	13771	13355	12672	13676	13708	13836	13875	13831	13539	17124	15591	15712	15544	13869	13171	13468	13839	13807	13831	13614	13170	13035	13622	13730	13854	13898	13813	12103	13713	13886	12973	13842	13736	13176	13174	13696	13614	13635	14489	13648	13883	13609	13822	13125	13669	13786	14308	14390	14418	13876	13582	13576	13237	13787	13407	13750	10362	13697	13217	13839	13669	12544	13843	13873	13383	13441	14320	13751
Macropus_fuliginosus__mf-2k.fasta_v2.functional.proteins	12997	13468	13644	13767	13799	13781	13714	13767	13504	13062	13848	13831	13677	13498	13820	13701	13351	13972	13114	13708	13717	13735	13799	13639	13968	12588	13854	12406	13520	13660	13655	13256	13752	12901	13639	13353	13721	13300	12619	13617	13661	13771	13804	13770	13481	15591	17217	16119	15442	13806	13105	13407	13777	13737	13790	13540	13099	13003	13548	13681	13797	13818	13771	12073	13654	13783	12889	13802	13667	13096	13117	13637	13578	13570	14478	13581	13813	13560	13767	13072	13610	13746	14273	14334	14359	13803	13549	13529	13171	13731	13349	13717	10330	13631	13160	13774	13605	12483	13759	13791	13308	13397	14287	13699
Macropus_giganteus__mg-2k.fasta_v2.functional.proteins	13100	13544	13760	13863	13904	13903	13825	13883	13608	13178	13973	13967	13784	13600	13937	13812	13462	14084	13228	13812	13815	13864	13913	13754	14092	12660	13964	12531	13635	13793	13777	13358	13896	13009	13775	13465	13837	13402	12718	13740	13773	13893	13930	13876	13592	15712	16119	17294	15592	13921	13201	13515	13902	13875	13867	13661	13203	13059	13649	13770	13920	13949	13865	12131	13760	13899	12988	13904	13782	13224	13220	13730	13665	13664	14523	13681	13948	13667	13886	13172	13705	13862	14349	14437	14465	13924	13647	13630	13291	13825	13476	13810	10406	13741	13278	13886	13723	12596	13885	13920	13440	13508	14388	13821
Macropus_rufus__mr-2k.fasta_v2.functional.proteins	13051	13502	13703	13803	13863	13822	13760	13827	13527	13118	13902	13883	13735	13554	13857	13756	13416	14029	13183	13773	13773	13788	13853	13691	14023	12618	13896	12471	13591	13721	13712	13323	13836	12957	13723	13409	13772	13335	12659	13652	13717	13826	13877	13839	13523	15544	15442	15592	16877	13853	13139	13473	13853	13793	13799	13603	13141	13013	13589	13731	13849	13880	13822	12085	13705	13861	12939	13852	13715	13149	13168	13686	13617	13618	14437	13624	13860	13605	13845	13111	13657	13785	14281	14322	14369	13871	13587	13590	13209	13780	13404	13769	10383	13681	13227	13838	13668	12530	13829	13866	13368	13454	14294	13729
Mandrillus_sphinx__BGI_mandrill_1.0_HiC.fasta_v2.functional.proteins	14458	14737	15208	20024	15410	15326	15287	15295	15037	14527	15514	15436	15130	14759	16940	15352	14676	15467	14289	15234	15099	15273	15386	15215	13801	13804	15248	13823	14950	15248	15228	14565	15423	14408	15475	14634	15200	14761	14044	15091	15178	15295	15424	15437	15065	13869	13806	13921	13853	22239	14315	14609	15628	15386	13626	15077	14656	14291	14971	15195	15441	15503	15368	13401	15182	15097	14173	15408	15274	14602	14647	15125	14884	14880	13948	14961	15528	15001	15375	14235	15065	15602	13789	13830	13891	15387	14974	14958	14648	15352	14725	16834	10559	15179	14697	15211	15158	13739	15408	15469	14888	14874	13872	15346
Mastacomys_fuscus__Mastacomys_fuscus_wtdbg2_polished_HiC.fasta_v2.functional.proteins	13473	13828	14101	14233	14273	14248	14146	14188	13911	13551	14364	14317	14181	13875	14272	14177	13767	14393	13474	14150	14635	14189	14262	14057	13109	12882	14214	12842	13947	14132	14131	13658	14297	13354	14138	13746	14157	13696	13061	14010	14101	14204	14322	14252	13955	13171	13105	13201	13139	14315	16403	14138	14272	14267	12946	14032	13544	13346	13941	14127	14305	14328	14226	12465	14046	14089	13262	14276	14155	13543	13589	14025	14443	14456	13235	13912	14354	13945	14222	13344	13999	14206	13125	13186	13201	14274	13954	13945	13640	14176	13729	14172	10066	14079	13639	14158	14019	12796	14291	14327	13832	13857	13204	14171
Mesocricetus_auratus__MesAur1.0_HiC.fasta_v2.functional.proteins	13720	14156	14471	14546	14640	14604	14489	14561	14238	13852	14698	14663	14561	14238	14564	14548	14115	14690	13812	14527	15215	14542	14638	14395	13417	13162	14564	13165	14298	14514	14501	14021	14642	13669	14524	14066	14518	14035	13382	14364	14459	14586	14689	14597	14269	13468	13407	13515	13473	14609	14138	16533	14681	14635	13226	14383	13897	13653	14281	14455	14663	14693	14595	12730	14411	14422	13545	14624	14520	13917	13878	14361	14869	14855	13518	14243	14692	14282	14599	13661	14362	14536	13386	13440	13471	14659	14374	14298	13926	14587	14059	14454	10312	14417	13978	14474	14361	13083	14660	14722	14160	14187	13485	14514
Microcebus_murinus__Mmur_3.0_HiC.fasta_v2.functional.proteins	14359	14761	15147	15554	15326	15356	15219	15263	14958	14513	15432	15393	15067	14757	15564	15335	14642	15403	14345	15206	15097	15231	15365	15134	13836	13709	15229	13809	14932	15280	15264	14598	15384	14334	15847	14621	15230	14746	14012	15091	15177	15271	15397	15339	14968	13839	13777	13902	13853	15628	14272	14681	17789	15358	13623	15085	14547	14289	14941	15135	15388	15435	15291	13360	15113	15068	14158	15365	15211	14629	14541	15087	14870	14859	13921	14895	15457	14998	15301	14146	15030	15896	13770	13821	13892	15361	15041	14967	14598	15360	14709	15431	10582	15086	14730	15180	15082	13730	15366	15454	14812	14868	13884	15240
Mirounga_angustirostris__Mirounga_angustirostris_HiC.fasta_v2.functional.proteins	14623	14753	15822	15317	16023	15385	15334	15867	14946	14549	15875	15815	15006	14690	15348	15401	14577	15314	14250	15258	15065	15521	15676	15216	13757	13749	15194	14434	14951	15345	15322	14489	17440	14477	15245	14535	15278	14804	14057	15181	15182	15324	16094	16009	15386	13807	13737	13875	13793	15386	14267	14635	15358	19224	13543	15095	15122	14281	14963	15788	15732	16972	15316	13370	15174	15017	14062	15380	15560	14941	14830	15128	14821	14842	13876	14952	17565	15061	16016	14140	15616	15234	13729	13781	13842	16084	15077	14988	14883	15433	14765	15195	10552	15320	14780	15121	15124	13747	16173	16338	15602	14896	13826	15679
Monodelphis_domestica__MonDom5_HiC.fasta_v2.functional.proteins	12849	13260	13454	13562	13605	13580	13504	13549	13312	12891	13661	13630	13496	13351	13588	13546	13206	13759	12905	13539	13534	13529	13618	13449	14184	12389	13636	12248	13354	13486	13503	13048	13579	12687	13482	13172	13528	13092	12424	13416	13480	13566	13625	13586	13316	13831	13790	13867	13799	13626	12946	13226	13623	13543	15729	13356	12889	12828	13366	13476	13630	13640	13579	11882	13454	13598	12734	13604	13481	12939	12986	13425	13381	13396	13918	13409	13630	13340	13589	12960	13394	13549	13765	13821	13899	13615	13344	13342	13024	13567	13181	13477	10300	13433	13005	13592	13423	12352	13592	13603	13139	13232	13884	13487
Muntiacus_reevesi__CIJ_HiC.fasta_v2.functional.proteins	14265	14527	15006	14997	15072	16720	15106	15012	15719	14451	15178	15122	14766	14506	14976	15136	14392	15065	14024	15943	14792	14977	15090	15037	13580	13610	14908	13594	14739	15053	14986	14242	15105	14263	14940	14445	15883	14632	14697	15001	14948	15909	15139	15083	14790	13614	13540	13661	13603	15077	14032	14383	15085	15095	13356	18305	14401	14107	14696	14880	15139	15166	16531	13897	15020	14817	13881	16018	14937	14367	14423	14972	14592	14586	13681	14636	15177	14898	15051	13932	14753	14946	13529	13580	13621	15121	14730	14725	14439	15067	14444	14819	10494	14895	14434	14885	14971	13637	15168	15218	14729	14795	13641	15047
Mustela_putorius_furo__MusPutFur1.0_HiC.fasta_v2.functional.proteins	13947	14020	15041	14514	15769	14586	14555	15016	14275	14156	15027	14962	14260	14019	14548	14647	13912	14575	13535	14520	14329	14720	14822	14450	13101	13106	14420	14048	14216	14578	14528	13879	15111	13655	14437	13879	14483	14347	13329	14377	14415	14561	15746	15789	14644	13170	13099	13203	13141	14656	13544	13897	14547	15122	12889	14401	17441	13597	14189	14965	14898	15256	14589	12960	14448	14279	13372	14663	14726	14055	14138	14400	14120	14114	13228	14214	15293	14241	15133	13424	14783	14515	13090	13117	13188	15700	14292	14246	14114	14597	13993	14430	10084	14590	13992	14384	14393	13036	15126	15217	14642	14230	13148	14933
Myotis_lucifugus__Myoluc2.0_HiC.fasta_v2.functional.proteins	13674	14661	14229	14214	14259	14243	14141	14225	14031	13638	14362	14328	13971	13792	14258	14257	13703	14389	13338	14158	14056	14193	14303	14086	12980	13240	14132	12829	15047	14179	14157	13514	14318	13357	14140	13767	14183	13708	13054	14053	14077	14200	14294	14256	14059	13035	13003	13059	13013	14291	13346	13653	14289	14281	12828	14107	13597	17635	16025	14123	14328	14358	14249	12414	14072	14030	13339	14256	14186	13565	13821	14055	13863	13872	13077	13902	14358	13975	14246	13244	14062	14113	12964	13004	13066	14273	14088	14132	13793	14212	13855	14120	10159	14127	13628	14078	14033	12985	14341	14379	13994	13964	13062	14251
Myotis_septentrionalis__myse_ont_racon_pilon_HiC.fasta_v2.functional.proteins	14070	15261	14773	14850	14967	14925	14848	14885	14571	14167	15085	15049	14657	14381	14941	14893	14273	15023	13939	14789	14721	14889	15011	14767	13572	13580	14846	13468	15623	14820	14783	14187	14989	13991	14779	14224	14832	14365	13636	14684	14797	14854	14968	14940	14637	13622	13548	13649	13589	14971	13941	14281	14941	14963	13366	14696	14189	16025	18398	14797	15032	15060	14936	13011	14755	14678	13757	14947	14883	14210	14245	14717	14509	14513	13673	14600	15061	14613	14937	13885	14714	14838	13549	13593	13641	14959	14723	14659	14233	14885	14517	14828	10455	14769	14263	14773	14709	13399	14988	15043	14472	14506	13625	14899
Nasua_narica__Nasua_narica_HiC.fasta_v2.functional.proteins	14451	14623	15546	15097	15870	15163	15151	15937	14781	14330	15616	15553	14863	14525	15129	15170	14443	15176	14107	15035	14903	15378	15505	15028	13664	13630	15080	14216	14754	15148	15125	14360	15807	14273	15003	14364	15072	14623	13846	14942	15057	15120	15852	15871	15143	13730	13681	13770	13731	15195	14127	14455	15135	15788	13476	14880	14965	14123	14797	18058	15555	15941	15167	13236	15021	14898	13911	15248	15407	14680	14614	14992	14698	14699	13813	14840	15966	14842	15986	14039	15720	15077	13706	13707	13788	15815	14849	14800	14654	15189	14618	15014	10469	15164	14580	14967	14965	13607	15746	15825	15137	14684	13752	15425
Neofelis_nebulosa__Neofelis_nebulosa_HiC.fasta_v2.functional.proteins	16530	14857	15505	15314	15766	15389	15385	15642	15024	14564	15794	15742	15067	14757	15372	15454	14663	15377	14310	15259	15124	15990	16201	15261	13830	13804	15290	14124	14989	15379	15351	14572	15765	14479	15252	14582	15308	14859	14073	15198	15282	15331	15739	15769	15314	13854	13797	13920	13849	15441	14305	14663	15388	15732	13630	15139	14898	14328	15032	15555	19978	15949	15396	13443	15259	15099	14134	15452	18193	17409	17236	15238	14918	14862	13941	15059	15922	15071	15699	14231	15412	15317	13791	13849	13896	15706	15055	15003	16654	15430	14787	15238	10615	15745	14803	15226	15219	13808	15751	15830	15153	14933	13909	15598
Odobenus_rosmarus__Oros_1.0_HiC.fasta_v2.functional.proteins	14739	14847	15923	15380	16154	15446	15456	15997	15069	14592	16062	15976	15101	14749	15440	15481	14677	15445	14313	15338	15183	15683	15834	15326	13873	13824	15275	14509	15041	15466	15410	14579	17062	14546	15289	14610	15362	14903	14161	15243	15268	15407	16147	16196	15555	13898	13818	13949	13880	15503	14328	14693	15435	16972	13640	15166	15256	14358	15060	15941	15949	19329	15465	13483	15307	15086	14163	15524	15709	15022	14957	15274	14937	14939	13969	15073	17381	15122	16197	14218	15756	15347	13840	13861	13907	16087	15136	15051	14955	15468	14864	15286	10589	15461	14881	15226	15249	13831	16252	16405	15693	14940	13910	15839
Odocoileus_virginianus__Ovir.te_1.0_HiC.fasta_v2.functional.proteins	14391	14725	15162	15223	15356	16879	15434	15252	15975	14541	15421	15356	15007	14678	15240	15355	14616	15287	14243	16154	15044	15249	15351	15339	13785	13745	15152	13793	14925	15266	15219	14517	15362	14520	15134	14560	16158	14917	14911	15229	15206	16164	15388	15351	15002	13813	13771	13865	13822	15368	14226	14595	15291	15316	13579	16531	14589	14249	14936	15167	15396	15465	18779	14175	15311	15007	14067	16415	15201	14573	14574	15281	14835	14815	13880	14941	15492	15123	15343	14158	15020	15184	13726	13780	13839	15344	14937	14882	14591	15321	14715	15104	10572	15120	14692	15103	15288	13829	15379	15453	14850	14900	13843	15282
Okapia_johnstoni__ASM166083v1_HiC.fasta_v2.functional.proteins	12553	12863	13217	13307	13442	14141	13504	13333	13854	12662	13478	13407	13118	12805	13332	13390	12723	13360	12392	14035	13115	13326	13357	13416	12071	11969	13272	12385	12978	13320	13325	12664	13374	12601	13201	12691	14494	13022	12761	13329	13316	14070	13456	13415	13069	12103	12073	12131	12085	13401	12465	12730	13360	13370	11882	13897	12960	12414	13011	13236	13443	13483	14175	16151	13395	13126	12203	14252	13286	13041	12704	13368	12924	12923	12201	13046	13478	13234	13381	12285	13170	13290	12040	12091	12149	13412	13061	13001	12753	13386	12869	13199	9332	13159	12838	13207	13351	12145	13425	13472	12942	13040	12107	13315
Orcinus_orca__Oorc_1.1_HiC.fasta_v2.functional.proteins	14219	14570	14985	15062	15202	15331	16540	15126	14922	14420	15271	15218	14845	14501	15153	15209	14400	15151	14083	15184	14825	15111	15187	17415	13668	13620	15008	13636	14700	15135	15086	14316	15199	15552	15010	14343	15225	17389	13975	17627	15124	15244	15212	15219	14812	13713	13654	13760	13705	15182	14046	14411	15113	15174	13454	15020	14448	14072	14755	15021	15259	15307	15311	13395	19188	14845	13852	15376	15073	14447	14384	17782	14615	14603	13775	14839	15318	16851	15139	14009	14890	15065	13622	13670	13734	15175	14827	14764	14415	15197	14580	14982	10544	14956	14573	14967	17795	15835	15174	15263	14618	14761	13707	15071
Orycteropus_afer__OryAfe1.0_HiC.fasta_v2.functional.proteins	14169	14546	14905	15039	15055	15043	14948	14997	14704	14245	15108	15059	14882	14551	15048	15028	14417	15260	14147	14967	14835	14968	15060	14822	13824	13616	15232	13552	14687	14943	14937	14321	15041	14083	14909	14385	14975	14472	13767	14806	14877	15051	15097	15048	14680	13886	13783	13899	13861	15097	14089	14422	15068	15017	13598	14817	14279	14030	14678	14898	15099	15086	15007	13126	14845	16853	13944	15065	14924	14328	14305	14797	14649	14656	13928	14756	15095	14720	15010	14236	14811	15013	13782	13850	13911	15083	14717	14726	14369	15064	14471	14914	10495	14850	14392	15146	14810	13484	15076	15115	14554	14623	13847	14903
Oryctolagus_cuniculus__OryCun2.0_HiC.fasta_v2.functional.proteins	13478	13678	14010	14083	14109	14074	13948	14020	13833	13390	14171	14127	13922	13676	14090	14070	13547	14261	13199	14014	13972	14008	14091	13862	12933	12944	14056	12829	13790	13992	13946	13429	14129	13108	14013	13628	13985	13502	12823	13848	13869	14056	14138	14063	13877	12973	12889	12988	12939	14173	13262	13545	14158	14062	12734	13881	13372	13339	13757	13911	14134	14163	14067	12203	13852	13944	15994	14108	14003	13410	13622	13850	13778	13799	13019	13739	14157	13774	14057	13090	13858	14032	12881	12907	12951	14117	13782	13807	13671	14040	13527	14002	10013	13963	13402	14023	13826	12856	14122	14162	13698	13707	12962	14046
Oryx_dammah__oryx.1_HiC.fasta_v2.functional.proteins	14407	14777	15230	15377	15435	16377	15557	15423	16185	14613	15515	15454	15068	14704	15295	15390	14614	15328	14271	16884	15077	15421	15426	15393	13800	13770	15228	13863	14931	15326	15394	14529	15480	14687	15207	14539	16189	14980	16059	15295	15292	16569	15446	15436	15051	13842	13802	13904	13852	15408	14276	14624	15365	15380	13604	16018	14663	14256	14947	15248	15452	15524	16415	14252	15376	15065	14108	19148	15272	14621	14591	15424	14864	14845	13936	15061	15533	15240	15412	14199	15105	15286	13750	13817	13870	15541	15021	14938	14620	15394	14769	15172	10576	15153	14882	15163	15341	13879	15437	15540	14889	14972	13878	15341
Panthera_onca__Panthera_onca_HiC.fasta_v2.functional.proteins	16307	14694	15320	15170	15586	15199	15206	15469	14850	14392	15626	15584	14920	14603	15215	15262	14498	15220	14151	15090	14929	15831	16007	15086	13702	13697	15125	13942	14820	15191	15183	14405	15569	14285	15087	14431	15130	14671	13900	15007	15113	15152	15576	15535	15173	13736	13667	13782	13715	15274	14155	14520	15211	15560	13481	14937	14726	14186	14883	15407	18193	15709	15201	13286	15073	14924	14003	15272	19986	17420	17197	15047	14753	14723	13810	14897	15733	14885	15526	14080	15295	15165	13676	13723	13778	15538	14916	14871	16463	15256	14661	15079	10503	15546	14665	15040	15017	13666	15564	15625	14991	14773	13771	15439
Panthera_pardus__PanPar1.0_HiC.fasta_v2.functional.proteins	15614	14053	14741	14525	14878	14626	14548	14786	14225	13839	14959	14888	14291	14009	14570	14670	13856	14633	13554	14503	14314	15111	15322	14462	13132	13079	14473	13322	14241	14594	14562	13763	14966	13663	14504	13851	14557	14071	13306	14429	14452	14555	14988	14886	14495	13176	13096	13224	13149	14602	13543	13917	14629	14941	12939	14367	14055	13565	14210	14680	17409	15022	14573	13041	14447	14328	13410	14621	17420	19070	16455	14410	14107	14075	13240	14247	15047	14319	14829	13450	14587	14496	13112	13154	13203	14919	14309	14239	15878	14665	14012	14441	10049	14877	14011	14402	14419	13092	14954	15017	14397	14195	13213	14734
Panthera_tigris__PanTig1.0_HiC.fasta_v2.functional.proteins	16536	14106	14825	14463	14856	14548	14497	14720	14448	14065	14907	14858	14260	14052	14518	14627	13967	14637	13543	14509	14280	15090	15240	14376	13146	13439	14452	13330	14270	14516	14480	13769	14864	13642	14405	14069	14473	14027	13356	14308	14381	14500	14838	14830	14643	13174	13117	13220	13168	14647	13589	13878	14541	14830	12986	14423	14138	13821	14245	14614	17236	14957	14574	12704	14384	14305	13622	14591	17197	16455	19020	14350	14120	14102	13249	14219	14984	14195	14797	13479	14566	14451	13092	13161	13212	14805	14218	14291	16110	14566	14002	14394	10328	14994	13979	14410	14340	13197	14879	14911	14778	14357	13232	14860
Peponocephala_electra__Peponocephala_electra_HiC.fasta_v2.functional.proteins	14205	14552	14950	15079	15200	15279	16748	15264	14892	14380	15220	15171	14838	14456	15118	15155	14398	15102	14095	15128	14805	15120	15164	17360	13628	13590	14966	13623	14681	15086	15110	14280	15344	15723	14946	14304	15193	17958	13955	17672	15112	15216	15178	15173	14764	13696	13637	13730	13686	15125	14025	14361	15087	15128	13425	14972	14400	14055	14717	14992	15238	15274	15281	13368	17782	14797	13850	15424	15047	14410	14350	19583	14584	14594	13769	14920	15287	17051	15123	13981	14863	15064	13593	13654	13705	15219	14805	14757	14381	15156	14570	14941	10530	14917	14713	14918	17843	15897	15125	15212	14577	14748	13683	15019
Peromyscus_crinitus__pecr10X_v2_HiC.fasta_v2.functional.proteins	13990	14368	14681	14774	14884	14809	14715	14787	14467	14064	14939	14889	14761	14464	14828	14795	14335	14916	13988	14734	15360	14777	14885	14627	13584	13407	14813	13367	14486	14742	14725	14252	14841	13846	14744	14265	14730	14261	13579	14556	14658	14798	14910	14846	14520	13614	13578	13665	13617	14884	14443	14869	14870	14821	13381	14592	14120	13863	14509	14698	14918	14937	14835	12924	14615	14649	13778	14864	14753	14107	14120	14584	17656	16042	13694	14474	14942	14448	14856	13863	14620	14765	13551	13613	13652	14869	14526	14482	14169	14779	14290	14735	10439	14665	14192	14727	14586	13308	14879	14954	14385	14391	13671	14756
Peromyscus_nasutus__Peromyscus_nasutus_10x_v1_HiC.fasta_v2.functional.proteins	13962	14375	14692	14793	14870	14815	14708	14784	14433	14048	14946	14913	14762	14430	14812	14777	14350	14890	13998	14710	15391	14748	14865	14605	13596	13396	14788	13344	14472	14709	14716	14234	14854	13830	14727	14256	14715	14227	13566	14557	14653	14769	14899	14844	14504	13635	13570	13664	13618	14880	14456	14855	14859	14842	13396	14586	14114	13872	14513	14699	14862	14939	14815	12923	14603	14656	13799	14845	14723	14075	14102	14594	16042	17673	13715	14472	14944	14475	14818	13868	14597	14785	13573	13622	13663	14881	14521	14500	14143	14770	14290	14732	10444	14652	14172	14694	14574	13298	14872	14933	14390	14396	13640	14754
Phalanger_gymnotis__pg-2k.fasta_v2.functional.proteins	13110	13576	13768	13880	13933	13900	13839	13919	13625	13183	13972	13961	13828	13623	13959	13816	13466	14110	13244	13828	13852	13895	13955	13768	14096	12692	13994	12548	13634	13786	13803	13364	13927	13047	13786	13450	13838	13431	12716	13726	13790	13915	13938	13904	13608	14489	14478	14523	14437	13948	13235	13518	13921	13876	13918	13681	13228	13077	13673	13813	13941	13969	13880	12201	13775	13928	13019	13936	13810	13240	13249	13769	13694	13715	16503	13705	13946	13670	13916	13192	13769	13924	14494	14541	14592	13933	13658	13655	13304	13857	13505	13853	10353	13755	13291	13899	13745	12597	13898	13932	13425	13505	14460	13826
Phataginus_tricuspis__Jaziri_pseudohap2_scaffolds_HiC.fasta_v2.functional.proteins	14059	14420	14787	14913	15006	14912	15055	15056	14592	14115	15043	15006	14696	14401	14920	14964	14287	14994	13983	14811	14672	15017	15010	14872	13632	13466	14902	13474	14568	14855	14920	14208	15095	14164	14766	14238	14832	14450	13643	14780	14833	14885	14982	15016	14614	13648	13581	13681	13624	14961	13912	14243	14895	14952	13409	14636	14214	13902	14600	14840	15059	15073	14941	13046	14839	14756	13739	15061	14897	14247	14219	14920	14474	14472	13705	16869	15082	14817	14969	13941	14737	14869	13570	13600	13680	15072	14631	14568	14268	14966	14412	14778	10508	14787	14449	14818	14798	13476	14957	15039	14438	14491	13656	14864
Phoca_vitulina__GSC_HSeal_1.0_HiC.fasta_v2.functional.proteins	14770	14858	15932	15396	16206	15460	15463	16039	15087	14616	16059	16003	15118	14767	15467	15503	14665	15439	14315	15341	15184	15677	15837	15346	13857	13858	15314	14537	15057	15450	15414	14589	17852	14543	15302	14615	15370	14906	14144	15249	15284	15397	16221	16214	15559	13883	13813	13948	13860	15528	14354	14692	15457	17565	13630	15177	15293	14358	15061	15966	15922	17381	15492	13478	15318	15095	14157	15533	15733	15047	14984	15287	14942	14944	13946	15082	19841	15133	16251	14246	15842	15359	13808	13843	13914	16166	15165	15092	14989	15517	14865	15317	10604	15458	14890	15229	15285	13852	16318	16487	15738	14953	13907	15867
Phocoena_phocoena__Phocoena_phocoena_HiC.fasta_v2.functional.proteins	14049	14435	14857	14978	15029	15181	16394	15116	14754	14301	15097	15033	14689	14386	14986	15063	14277	15034	13992	15048	14670	15005	15041	17235	13576	13482	14827	13526	14600	15020	15054	14155	15235	15512	14886	14225	15100	16523	13864	16938	14961	15100	15094	14996	14627	13609	13560	13667	13605	15001	13945	14282	14998	15061	13340	14898	14241	13975	14613	14842	15071	15122	15123	13234	16851	14720	13774	15240	14885	14319	14195	17051	14448	14475	13670	14817	15133	18792	14975	13888	14705	14900	13542	13588	13649	15114	14764	14659	14292	15062	14436	14794	10476	14775	14599	14821	16898	15266	15059	15147	14498	14663	13610	14876
Potos_flavus__Potos_flavus_HiC.fasta_v2.functional.proteins	14599	14711	15752	15226	16057	15332	15299	16076	14983	14509	15813	15751	15020	14647	15324	15364	14558	15302	14229	15212	15058	15535	15670	15156	13803	13785	15210	14372	14890	15278	15280	14482	16057	14388	15165	14473	15244	14751	14034	15090	15203	15284	16034	16044	15337	13822	13767	13886	13845	15375	14222	14599	15301	16016	13589	15051	15133	14246	14937	15986	15699	16197	15343	13381	15139	15010	14057	15412	15526	14829	14797	15123	14856	14818	13916	14969	16251	14975	18314	14146	15857	15225	13772	13823	13885	16009	14981	14916	14819	15350	14780	15188	10571	15310	14712	15098	15111	13756	15933	16064	15351	14849	13865	15608
Procavia_capensis__Pcap_2.0_HiC.fasta_v2.functional.proteins	13369	13737	14015	14103	14200	14140	14074	14129	13852	13424	14213	14185	14019	13786	14125	14157	13690	14277	13329	14069	14013	14158	14212	14007	13076	12854	14396	12693	13879	14057	14036	13530	14150	13289	14043	13593	14068	13628	12892	13969	14049	14149	14200	14176	13848	13125	13072	13172	13111	14235	13344	13661	14146	14140	12960	13932	13424	13244	13885	14039	14231	14218	14158	12285	14009	14236	13090	14199	14080	13450	13479	13981	13863	13868	13192	13941	14246	13888	14146	15662	13939	14111	13017	13094	13162	14181	13885	13906	13546	14142	13718	14041	10013	14017	13540	14357	13975	12742	14187	14248	13718	13792	13136	14066
Procyon_lotor__pl-1k.fasta_v2.functional.proteins	14386	14543	15381	14982	15731	14981	15033	16099	14693	14238	15495	15466	14803	14423	15050	15021	14332	15068	14019	14906	14773	15314	15386	14905	13594	13617	14973	14054	14672	15005	14995	14250	15678	14133	14877	14257	14955	14504	13742	14811	14949	14997	15689	15734	15070	13669	13610	13705	13657	15065	13999	14362	15030	15616	13394	14753	14783	14062	14714	15720	15412	15756	15020	13170	14890	14811	13858	15105	15295	14587	14566	14863	14620	14597	13769	14737	15842	14705	15857	13939	18109	14986	13621	13662	13734	15689	14743	14686	14599	15084	14567	14986	10388	15042	14447	14889	14866	13563	15592	15677	15037	14585	13694	15297
Propithecus_coquereli__Pcoq_1.0_HiC.fasta_v2.functional.proteins	14283	14659	15049	15480	15283	15196	15192	15173	14830	14389	15333	15287	15045	14640	15508	15216	14548	15318	14280	15087	14978	15180	15270	15079	13752	13700	15182	13711	14792	15148	15120	14513	15237	14296	15753	14471	15103	14680	13881	14977	15086	15165	15289	15263	14892	13786	13746	13862	13785	15602	14206	14536	15896	15234	13549	14946	14515	14113	14838	15077	15317	15347	15184	13290	15065	15013	14032	15286	15165	14496	14451	15064	14765	14785	13924	14869	15359	14900	15225	14111	14986	17951	13753	13810	13871	15257	14908	14828	14486	15264	14691	15451	10485	15001	14600	15106	15048	13644	15256	15303	14675	14712	13818	15159
Pseudocheirus_occidentalis__Pseudocheirus_occidentalis_HiC.fasta_v2.functional.proteins	12993	13436	13634	13759	13808	13728	13679	13771	13439	13014	13844	13824	13668	13493	13848	13650	13339	14009	13112	13674	13703	13746	13802	13612	13979	12569	13815	12392	13530	13623	13629	13232	13783	12865	13616	13322	13681	13254	12561	13588	13607	13758	13783	13770	13484	14308	14273	14349	14281	13789	13125	13386	13770	13729	13765	13529	13090	12964	13549	13706	13791	13840	13726	12040	13622	13782	12881	13750	13676	13112	13092	13593	13551	13573	14494	13570	13808	13542	13772	13017	13621	13753	16698	14773	14836	13797	13498	13497	13179	13693	13341	13726	10249	13585	13139	13728	13592	12454	13777	13783	13306	13346	14235	13673
Pseudochirops_corinnae__Pseudochirops_corinnae_HiC.fasta_v2.functional.proteins	13032	13486	13677	13798	13843	13810	13751	13825	13513	13093	13885	13867	13750	13535	13858	13707	13378	14033	13142	13711	13760	13783	13840	13666	14029	12609	13884	12474	13536	13671	13696	13275	13816	12926	13671	13370	13745	13308	12614	13636	13657	13811	13843	13810	13480	14390	14334	14437	14322	13830	13186	13440	13821	13781	13821	13580	13117	13004	13593	13707	13849	13861	13780	12091	13670	13850	12907	13817	13723	13154	13161	13654	13613	13622	14541	13600	13843	13588	13823	13094	13662	13810	14773	16975	15571	13854	13563	13537	13229	13751	13397	13766	10310	13639	13185	13785	13655	12491	13789	13817	13313	13390	14327	13704
Pseudochirops_cupreus__Pseudochirops_cupreus_HiC.fasta_v2.functional.proteins	13076	13544	13749	13865	13891	13860	13782	13853	13556	13136	13948	13930	13787	13619	13932	13789	13447	14074	13201	13781	13809	13836	13907	13723	14057	12657	13926	12505	13603	13731	13735	13350	13901	12974	13741	13423	13795	13364	12687	13699	13743	13869	13901	13838	13565	14418	14359	14465	14369	13891	13201	13471	13892	13842	13899	13621	13188	13066	13641	13788	13896	13907	13839	12149	13734	13911	12951	13870	13778	13203	13212	13705	13652	13663	14592	13680	13914	13649	13885	13162	13734	13871	14836	15571	17003	13921	13609	13592	13280	13818	13460	13832	10335	13703	13256	13848	13700	12536	13866	13879	13392	13466	14380	13776
Pteronura_brasiliensis__Pteronura_brasiliensis_HiC.fasta_v2.functional.proteins	14588	14757	15830	15558	16898	15387	15375	15957	14984	14585	15792	15746	15070	14732	15306	15448	14619	15381	14298	15292	15089	15713	15650	15196	13836	13758	15203	15232	14957	15391	15585	14535	16163	14533	15238	14586	15326	14794	14090	15174	15221	15339	16984	16858	15322	13876	13803	13924	13871	15387	14274	14659	15361	16084	13615	15121	15700	14273	14959	15815	15706	16087	15344	13412	15175	15083	14117	15541	15538	14919	14805	15219	14869	14881	13933	15072	16166	15114	16009	14181	15689	15257	13797	13854	13921	18857	15103	15008	14835	15468	14784	15174	10581	15325	14958	15138	15119	13769	16012	16141	15422	14943	13897	15596
Pteropus_rufus__Pteropus_rufus_HiC.fasta_v2.functional.proteins	14043	14553	14874	14926	15070	14997	14897	14979	14605	14279	15100	15057	14691	14434	14922	15058	14323	14979	14043	14909	14784	14958	15073	14847	13590	14014	14883	13575	14771	14963	14973	14252	15090	14094	14936	14285	14933	14468	13756	14833	14889	14959	15124	15031	14648	13582	13549	13647	13587	14974	13954	14374	15041	15077	13344	14730	14292	14088	14723	14849	15055	15136	14937	13061	14827	14717	13782	15021	14916	14309	14218	14805	14526	14521	13658	14631	15165	14764	14981	13885	14743	14908	13498	13563	13609	15103	17262	16318	14275	15076	15098	14737	10492	14835	14430	14827	14802	13479	15069	15195	14522	14647	13640	14912
Pteropus_vampyrus__Pvam_2.0_HiC.fasta_v2.functional.proteins	14129	14514	14872	14866	14981	14938	14816	14917	14636	14254	15034	14978	14663	14389	14847	15010	14303	14994	13968	14858	14686	14893	14996	14743	13579	14149	14842	13482	14743	14893	14882	14175	15019	14009	14842	14278	14863	14390	13680	14732	14812	14905	15045	14963	14672	13576	13529	13630	13590	14958	13945	14298	14967	14988	13342	14725	14246	14132	14659	14800	15003	15051	14882	13001	14764	14726	13807	14938	14871	14239	14291	14757	14482	14500	13655	14568	15092	14659	14916	13906	14686	14828	13497	13537	13592	15008	16318	17425	14327	14983	15033	14714	10491	14810	14337	14822	14734	13463	15025	15089	14559	14594	13625	14906
Puma_concolor__PumCon1.0_HiC.fasta_v2.functional.proteins	16254	14111	14826	14526	14868	14619	14523	14803	14341	13943	14931	14884	14267	14075	14534	14676	13923	14666	13581	14560	14317	15041	15217	14411	13214	13411	14478	13359	14304	14552	14529	13802	14925	13702	14468	14005	14530	14040	13394	14401	14405	14564	14883	14804	14608	13237	13171	13291	13209	14648	13640	13926	14598	14883	13024	14439	14114	13793	14233	14654	16654	14955	14591	12753	14415	14369	13671	14620	16463	15878	16110	14381	14169	14143	13304	14268	14989	14292	14819	13546	14599	14486	13179	13229	13280	14835	14275	14327	18511	14639	14034	14440	10299	14881	13997	14464	14376	13329	14941	14974	14620	14293	13281	14811
Rhinoceros_unicornis__Rhinoceros_unicornis_HiC.fasta_v2.functional.proteins	14388	14693	15258	15307	15395	15371	15304	15313	14939	14549	15471	15418	15042	14685	15272	16463	14588	15324	14276	15229	15000	15327	15443	15196	13761	13717	15224	13884	14886	15678	15654	14498	15452	14451	15212	14506	15279	14801	14040	15173	15234	15300	15504	15413	14995	13787	13731	13825	13780	15352	14176	14587	15360	15433	13567	15067	14597	14212	14885	15189	15430	15468	15321	13386	15197	15064	14040	15394	15256	14665	14566	15156	14779	14770	13857	14966	15517	15062	15350	14142	15084	15264	13693	13751	13818	15468	15076	14983	14639	17687	14739	15113	10571	15113	15121	15140	15148	13779	15437	15550	14897	14933	13820	15279
Rousettus_madagascariensis__Rousettus_madagascariensis_HiC.fasta_v2.functional.proteins	13871	14328	14573	14610	14783	14685	14668	14747	14368	13960	14834	14788	14470	14153	14689	14710	14078	14761	13780	14618	14490	14731	14829	14563	13382	13846	14659	13259	14463	14647	14626	14009	14791	13828	14629	14016	14635	14212	13492	14513	14659	14649	14783	14743	14414	13407	13349	13476	13404	14725	13729	14059	14709	14765	13181	14444	13993	13855	14517	14618	14787	14864	14715	12869	14580	14471	13527	14769	14661	14012	14002	14570	14290	14290	13505	14412	14865	14436	14780	13718	14567	14691	13341	13397	13460	14784	15098	15033	14034	14739	16699	14550	10302	14561	14136	14602	14563	13252	14770	14837	14250	14315	13429	14644
Saimiri_boliviensis__saiBolDis_HiC.fasta_v2.functional.proteins	14233	14588	14948	16793	15204	15094	15096	15139	14775	14272	15290	15264	14924	14565	17455	15091	14455	15306	14150	14968	14883	15078	15162	15009	13696	13606	15063	13628	14753	14989	14989	14377	15223	14212	15261	14402	14963	14582	13798	14905	14961	15072	15188	15174	14833	13750	13717	13810	13769	16834	14172	14454	15431	15195	13477	14819	14430	14120	14828	15014	15238	15286	15104	13199	14982	14914	14002	15172	15079	14441	14394	14941	14735	14732	13853	14778	15317	14794	15188	14041	14986	15451	13726	13766	13832	15174	14737	14714	14440	15113	14550	20286	10415	14908	14407	15007	14957	13600	15201	15237	14651	14634	13772	15103
Struthio_camelus__ASM69896v1_HiC.fasta_v2.functional.proteins	10247	10361	10529	10515	10567	10581	10561	10542	10451	10189	10618	10590	10455	10447	10508	10595	10344	10608	10074	10546	10548	10520	10583	10525	10374	9785	10576	9587	10476	10578	10546	10157	10571	9955	10521	10420	10534	10259	9743	10538	10514	10547	10614	10561	10433	10362	10330	10406	10383	10559	10066	10312	10582	10552	10300	10494	10084	10159	10455	10469	10615	10589	10572	9332	10544	10495	10013	10576	10503	10049	10328	10530	10439	10444	10353	10508	10604	10476	10571	10013	10388	10485	10249	10310	10335	10581	10492	10491	10299	10571	10302	10415	11215	10510	10142	10533	10500	9990	10581	10624	10460	10496	10369	10569
Suricata_suricatta__meerkat_22Aug2017_6uvM2_HiC.fasta_v2.functional.proteins	14764	14603	15217	15003	15360	15088	15035	15262	14795	14392	15433	15379	14848	14541	15051	15172	14463	15147	14082	15003	14875	15640	15867	14947	13639	13714	15003	13745	14802	15016	14999	14316	15351	14162	14941	14440	15025	14576	13829	14909	14976	15065	15362	15336	15038	13697	13631	13741	13681	15179	14079	14417	15086	15320	13433	14895	14590	14127	14769	15164	15745	15461	15120	13159	14956	14850	13963	15153	15546	14877	14994	14917	14665	14652	13755	14787	15458	14775	15310	14017	15042	15001	13585	13639	13703	15325	14835	14810	14881	15113	14561	14908	10510	17550	14474	14937	14925	13578	15375	15414	14890	14737	13694	15275
Tapirus_indicus__Tapirus_indicus_HiC.fasta_v2.functional.proteins	13777	14093	14584	14779	14792	14729	14838	14849	14332	13932	14789	14740	14370	14034	14571	15092	13967	14625	13640	14567	14389	14810	14803	14567	13204	13172	14540	13249	14277	14988	15136	13880	14962	13990	14603	13910	14639	14179	13406	14557	14596	14679	14821	14761	14358	13217	13160	13278	13227	14697	13639	13978	14730	14780	13005	14434	13992	13628	14263	14580	14803	14881	14692	12838	14573	14392	13402	14882	14665	14011	13979	14713	14192	14172	13291	14449	14890	14599	14712	13540	14447	14600	13139	13185	13256	14958	14430	14337	13997	15121	14136	14407	10142	14474	16887	14498	14531	13160	14786	14919	14268	14324	13256	14632
Trichechus_manatus__TriManLat1.0_HiC.fasta_v2.functional.proteins	14235	14622	14965	15090	15148	15114	15092	15075	14743	14348	15209	15171	14936	14617	15154	15144	14500	15300	14159	15012	14896	15073	15164	14974	13816	13640	15510	13605	14745	15037	15022	14402	15150	14191	15004	14440	15023	14594	13825	14911	14966	15099	15154	15145	14784	13839	13774	13886	13838	15211	14158	14474	15180	15121	13592	14885	14384	14078	14773	14967	15226	15226	15103	13207	14967	15146	14023	15163	15040	14402	14410	14918	14727	14694	13899	14818	15229	14821	15098	14357	14889	15106	13728	13785	13848	15138	14827	14822	14464	15140	14602	15007	10533	14937	14498	16993	14949	13588	15141	15185	14630	14718	13835	15025
Tursiops_aduncus__ASM322739v1_HiC.fasta_v2.functional.proteins	14180	14545	14954	15021	15158	15271	16533	15086	14890	14358	15232	15159	14815	14466	15106	15153	14381	15145	14056	15155	14790	15049	15155	17399	13622	13564	14977	13620	14676	15068	15027	14290	15162	15490	14953	14302	15193	17492	13962	17773	15086	15209	15181	15151	14760	13669	13605	13723	13668	15158	14019	14361	15082	15124	13423	14971	14393	14033	14709	14965	15219	15249	15288	13351	17795	14810	13826	15341	15017	14419	14340	17843	14586	14574	13745	14798	15285	16898	15111	13975	14866	15048	13592	13655	13700	15119	14802	14734	14376	15148	14563	14957	10500	14925	14531	14949	19471	16254	15136	15222	14577	14715	13673	15021
Tursiops_truncatus__NIST_Tur_tru_v1_HiC.fasta_v2.functional.proteins	13098	13264	13657	13673	13757	13857	14861	13735	13584	13069	13826	13792	13466	13193	13716	13770	13074	13823	12790	13795	13470	13695	13776	15533	12509	12562	13618	12421	13377	13699	13689	12984	13807	14003	13610	13098	13805	15519	12687	15982	13698	13816	13827	13746	13503	12544	12483	12596	12530	13739	12796	13083	13730	13747	12352	13637	13036	12985	13399	13607	13808	13831	13829	12145	15835	13484	12856	13879	13666	13092	13197	15897	13308	13298	12597	13476	13852	15266	13756	12742	13563	13644	12454	12491	12536	13769	13479	13463	13329	13779	13252	13600	9990	13578	13160	13588	16254	17473	13781	13845	13367	13429	12566	13642
Ursus_americanus__ASM334442v1_HiC.fasta_v2.functional.proteins	14706	14783	15826	15337	15969	15410	15304	15835	15052	14604	15854	15784	15054	14713	15334	15452	14590	15392	14275	15319	15113	15542	15689	15208	13793	13808	15196	14392	15012	15409	15390	14506	16216	14430	15246	14615	15304	14797	14117	15155	15183	15351	16084	15969	15401	13843	13759	13885	13829	15408	14291	14660	15366	16173	13592	15168	15126	14341	14988	15746	15751	16252	15379	13425	15174	15076	14122	15437	15564	14954	14879	15125	14879	14872	13898	14957	16318	15059	15933	14187	15592	15256	13777	13789	13866	16012	15069	15025	14941	15437	14770	15201	10581	15375	14786	15141	15136	13781	19709	18566	17663	14974	13882	15685
Ursus_arctos__ASM358476v1_HiC.fasta_v2.functional.proteins	14696	14856	15925	15425	16107	15490	15392	15958	15082	14668	15957	15896	15114	14769	15407	15567	14652	15401	14324	15372	15188	15633	15773	15290	13816	13815	15241	14502	15060	15531	15508	14569	16347	14520	15326	14643	15419	14887	14184	15267	15282	15436	16200	16108	15476	13873	13791	13920	13866	15469	14327	14722	15454	16338	13603	15218	15217	14379	15043	15825	15830	16405	15453	13472	15263	15115	14162	15540	15625	15017	14911	15212	14954	14933	13932	15039	16487	15147	16064	14248	15677	15303	13783	13817	13879	16141	15195	15089	14974	15550	14837	15237	10624	15414	14919	15185	15222	13845	18566	20010	18119	15024	13901	15772
Ursus_maritimus__UrsMar_1.0_HiC.fasta_v2.functional.proteins	14607	14279	15432	14767	15371	14856	14766	15245	14700	14333	15301	15238	14521	14279	14766	14942	14192	14860	13773	14784	14583	14950	15107	14638	13345	13520	14648	13892	14513	14872	14834	14001	15631	13950	14703	14311	14765	14263	13656	14610	14634	14808	15477	15388	14981	13383	13308	13440	13368	14888	13832	14160	14812	15602	13139	14729	14642	13994	14472	15137	15153	15693	14850	12942	14618	14554	13698	14889	14991	14397	14778	14577	14385	14390	13425	14438	15738	14498	15351	13718	15037	14675	13306	13313	13392	15422	14522	14559	14620	14897	14250	14651	10460	14890	14268	14630	14577	13367	17663	18119	19125	14642	13409	15286
Vicugna_pacos__Vicugna_pacos-2.0.1_HiC.fasta_v2.functional.proteins	14179	14357	14865	14762	14899	14949	14863	14805	14730	15435	14970	14925	14592	14326	14764	14961	14258	14875	13869	14877	14599	14826	14910	14756	13428	13522	14751	13405	14583	14866	14808	14068	14927	14048	14764	14296	14869	14400	13713	14749	16302	14886	14964	14879	14629	13441	13397	13508	13454	14874	13857	14187	14868	14896	13232	14795	14230	13964	14506	14684	14933	14940	14900	13040	14761	14623	13707	14972	14773	14195	14357	14748	14391	14396	13505	14491	14953	14663	14849	13792	14585	14712	13346	13390	13466	14943	14647	14594	14293	14933	14315	14634	10496	14737	14324	14718	14715	13429	14974	15024	14642	17304	13480	14894
Vombatus_ursinus__vu-2k.fasta_v2.functional.proteins	13106	13525	13746	13837	13902	13866	13766	13829	13592	13155	13937	13910	13777	13588	13900	13769	13472	14043	13170	13791	13814	13835	13871	13711	14029	12657	13913	12519	13601	13765	13751	13332	13851	12951	13770	13436	13798	13352	12700	13682	13724	13845	13924	13856	13558	14320	14287	14388	14294	13872	13204	13485	13884	13826	13884	13641	13148	13062	13625	13752	13909	13910	13843	12107	13707	13847	12962	13878	13771	13213	13232	13683	13671	13640	14460	13656	13907	13610	13865	13136	13694	13818	14235	14327	14380	13897	13640	13625	13281	13820	13429	13772	10369	13694	13256	13835	13673	12566	13882	13901	13409	13480	16204	13767
Vulpes_vulpes__VulVul2.2_HiC.fasta_v2.functional.proteins	14660	14693	15500	15166	15650	15275	15178	15518	14978	14538	17571	17446	14936	14640	15225	15298	14573	15295	14156	15160	15009	15418	15534	15075	13711	13736	15101	14004	14890	15221	15203	14427	15687	14315	15086	14569	15148	14683	13992	14987	15071	15198	15672	15669	17046	13751	13699	13821	13729	15346	14171	14514	15240	15679	13487	15047	14933	14251	14899	15425	15598	15839	15282	13315	15071	14903	14046	15341	15439	14734	14860	15019	14756	14754	13826	14864	15867	14876	15608	14066	15297	15159	13673	13704	13776	15596	14912	14906	14811	15279	14644	15103	10569	15275	14632	15025	15021	13642	15685	15772	15286	14894	13767	18865
